"V12GSE5624_1","V12GSE5624_10","V12GSE5624_11","V12GSE5624_12","V12GSE5624_13","V12GSE5624_14","V12GSE5624_2","V12GSE5624_3","V12GSE5624_4","V12GSE5624_5","V12GSE5624_6","V12GSE5624_7","V12GSE5624_8","V12GSE5624_9"
"AT2G18300",10.57,0.21,9.46,0.47,10.61,1.08,1.33,9.23,-0.33,9.15,1.22,10.46,0.9,10.96
"AT3G59060",11.84,3.98,7.58,1.29,12.03,1.7,2.38,11.38,2.53,11.48,5.1,11.41,3.81,10.97
"AT1G73870",10.54,2.52,4.44,2.29,10.94,1.16,1.5,10.29,0.7,10.36,2.3,10.35,1.14,8.16
"AT1G13300",4.66,10.52,2.91,10.81,3.66,10.99,10.66,2.96,10.28,3.92,11.06,2.17,10.98,2.96
"AT1G22590",9.62,2.26,9.34,1.54,8.98,1.36,1.65,9.32,1.4,9.15,2.75,8.77,1.12,8.72
"AT1G74500",2.55,9.14,2.49,10.02,1.28,10.08,10.15,4.7,9.91,2.46,9.75,1.34,9.8,3.46
"AT2G45190",9.19,1.52,8.28,1.41,9.59,1.34,1.66,8.93,0.98,8.96,2.06,9.25,2.64,8.49
"AT5G15130",2.35,9.02,1.56,8.64,3.34,9.32,9.82,1.56,9.55,2.32,9.39,0.94,9.05,3.07
"AT2G43140",1.46,7.88,0.64,7.12,1.58,8.29,8.55,0.58,7.73,0.53,8.75,1.39,8.11,1.16
"AT5G14000",2.67,9.74,2.5,9.48,2.99,9.73,9.77,3.37,9.3,3.04,9.74,2.96,9.75,2.22
"AT1G34310",12.76,7.17,12.84,5.65,12.5,5.12,6.46,12.77,4.32,12.49,5.21,12.25,6.88,11.73
"AT3G02380",12.38,4.48,6.56,4.74,12.31,4.4,4,11.29,4.62,11.38,3.68,10.2,4.83,7.14
"AT5G15850",11.23,4.28,9.12,3.34,11.38,4.99,5.31,11.59,3.66,11.5,5.01,10.39,3.1,8.11
"AT4G37940",1.34,8.21,0.64,7.44,1.65,7.46,7.27,0.79,7.11,1.27,7.42,0.92,7.51,0.29
"AT4G24540",9.19,2.04,8.93,2.45,8.92,1.99,2.19,8.7,2.65,8.75,2.15,8.1,1.88,7.97
"AT2G30130",1.57,7.83,1.22,7.86,2.43,8.07,8.03,2.29,8.46,3.59,8.5,1.14,8.25,1.19
"AT3G23250",3.38,8.32,3.72,7.05,2.24,7.51,10.96,6.12,10.98,6.37,11.04,1.99,8.34,2.69
"AT3G48920",2.22,9.89,3.9,9.28,3.17,9.32,8.65,2.59,7.14,3.78,9.01,2,9.73,2.97
"AT4G14540",10.14,4.69,10.3,4.82,10.29,4.85,4.94,9.71,2.66,9.68,2.72,9.87,2.86,9.84
"AT1G31050",3.72,9.64,4.73,10.27,3.97,9.98,9.95,3.59,9.1,3.93,10.57,3.51,9.51,3.2
"AT3G11090",9.95,5.1,9.76,3.08,10.12,3.65,3.88,9.66,4.17,9.62,4.27,9.86,2.83,9.6
"AT5G14750",2.75,8.29,3.12,8.65,3.96,8.6,8.72,2.41,8.57,2.82,8.37,1.04,8.18,2.22
"AT1G69810",2.33,8.77,4.56,8.88,5.46,8.88,8.67,2.76,8.73,2.6,9.21,2.46,9,1.92
"AT5G65790",2.56,9.22,2.87,9.14,3.02,8.86,8.93,1.92,7.91,2.79,9.29,4.62,8.98,5.2
"AT1G68520",11.8,5.37,11.43,5.33,11.56,5.41,5.25,10.24,5.44,10.27,5.05,11.06,5.83,11.54
"AT1G68880",1.47,8.01,2.64,8.42,3.77,8.66,8.89,2.18,7.14,2.5,8.12,3.68,8.82,2.42
"AT2G34140",3.34,9.74,4.15,9.32,2.96,8.66,8.64,3.36,8.72,3.45,9.28,3.67,9.21,3.21
"AT5G56860",9.02,3.28,8.88,3.66,9.18,2.01,2.52,8.68,3.28,8.69,3.27,8.74,4.2,8.09
"AT5G25160",3.02,8.54,2.62,8.8,4.28,8.77,8.81,2.6,7.48,3.81,8.38,3.14,8.64,2.27
"AT2G37430",2.3,7.78,3.04,7,1.86,7.46,8.72,5.13,7.85,5.91,8.77,1.26,7.41,1.75
"AT5G22890",4.96,10.02,4.06,10.04,4.29,10,9.53,3.24,8.82,5.29,9.34,4.43,10.22,4.62
"AT4G11880",3.76,9.76,5.06,9.1,3.88,9.57,9.64,4.46,9.25,3.19,9.63,5.07,9.94,5
"AT5G17430",2.78,7.99,1.92,7.01,2.67,7.12,7.42,1.86,7.04,2.1,7.54,1.91,7.57,1.98
"AT1G02220",4.79,10.93,5.46,10.69,4.76,10.04,10.07,5.85,9.89,5.67,9.88,5.37,10.35,4.07
"AT5G22570",4.96,8.41,5.76,7.28,5.42,9.04,10.25,4.78,12.08,4.8,10.62,4.25,9.61,4.17
"AT1G75250",6.85,0.81,5.78,3.46,7.76,1.09,2.56,7.09,1.49,6.98,2.92,7.52,2.06,7.21
"AT3G15030",8.82,2.29,8.84,3.81,8.65,2.9,4.41,8.36,3.15,8.28,4.42,9.02,4.02,8.49
"AT2G46830",11.85,4.37,5.57,4.89,11.84,8.33,8.36,11.54,7.66,11.67,7.19,9.89,6.25,6.72
"AT1G01520",7.31,1.28,2.18,1.87,7.56,3.01,4.25,8.41,0.57,8.69,3.93,5.21,4.34,4.5
"AT4G17490",8.08,8.33,4.79,7.67,2.4,8,10.48,8.73,10.46,8.48,9.37,2.66,8.76,4.93
"AT2G21320",10.52,4.46,8.23,4.13,10.35,5.98,5.26,10.06,4.98,10.16,3.21,9.22,5.4,7.59
"AT1G71030",10.99,7.11,7.58,3.77,11.45,6.38,6.22,10.06,6.52,10.16,7.11,12.1,7.31,12.11
"AT1G17950",1.7,7.19,1.6,7.12,2,6.93,6.62,1.66,5.57,1.74,6.55,1.71,6.93,1.98
"AT5G13330",3.16,10.12,5.94,9.09,4.98,9.66,8.98,4.25,9.27,3.93,9.57,5.07,9.7,5.58
"AT2G26580",8.17,4.08,8.74,3.78,8.22,1.92,3.17,8.09,2.91,8.02,4.66,8.06,3.62,8.48
"AT2G01430",3.11,7.56,2.52,7.63,3.27,7.72,7.65,2.87,7.7,2.73,6.93,2.32,7.55,1.68
"AT3G25790",3.32,8.66,4.01,8.91,4.65,8.82,8.52,3.89,8.61,4.24,8.88,3.94,8.81,3.26
"AT3G53600",1.29,5.37,1.46,3.24,1.63,2.87,5.86,3.64,8.7,3.63,7.85,1.01,5.33,0.96
"AT5G48560",4.05,9.64,4.81,9.14,4.4,9.21,9.39,4.8,8.52,2.83,8.88,4.88,9.22,5.12
"AT5G24930",13.29,7.68,12.59,8.21,13.59,8.53,9.23,12.94,8.19,13.02,8.19,12.93,7.91,12.83
"AT5G57620",2.82,8.78,3.85,8.06,5.12,8.62,8.87,3.96,8.23,3.42,8.11,5.54,8.8,2.73
"AT5G44190",11.38,6.13,10.2,6.18,11.69,6.52,6.92,10.97,6.27,10.99,6.14,11.54,6.42,10.84
"AT2G42380",6.77,1.04,4.69,1.92,5.92,1.45,1.68,6.1,2.04,6.11,0.96,6.75,1.17,6.17
"AT4G32980",8.55,4.6,9.83,3.5,8.91,4.41,4.52,8.32,4.8,8.29,4.13,9.57,4.12,8.91
"AT3G49760",0.76,8.18,4.02,8.36,5.08,8.46,8.61,4.69,7.45,4.79,8.15,5.14,7.95,3.43
"AT5G44160",2.83,7.4,3.12,7.62,2.46,7.44,7.77,2.33,7.02,2.79,7.24,2.54,7.6,3.88
"AT1G14440",7.51,4.58,7.42,3.51,7.19,3.72,1.77,7.17,3.17,7.61,3.58,7.46,1.2,7.62
"AT3G06160",4.71,1.31,6.95,2.95,5.3,1.48,1,6.03,2.67,6.22,0.68,6.2,1.07,6.29
"AT5G53290",3.91,8.41,3.44,8.41,3.25,8.14,8.46,4.94,8.04,4.58,8.42,3.63,8.05,2.73
"AT3G10040",4.81,8.83,5.58,9.66,5.25,9.4,9.6,4.99,9.02,5.54,10.19,5.11,11.11,5.16
"AT2G20570",10.68,6.13,10.93,6.3,11.47,6.31,6.53,10.78,6.55,10.84,6.73,11.34,6.66,10.74
"AT1G74080",2.89,8.38,3.59,7.62,3.31,7.31,6.98,3.01,7.13,2.66,7.84,3.21,8.08,3.52
"AT1G32540",9.56,3.19,8.95,5.3,9.78,5,5.96,9.28,5.2,9.37,5.35,9.63,5.72,9.51
"AT5G42630",4.91,9.14,5.14,9.12,5.3,9.21,9.41,3.91,9.17,5.08,9.21,4.51,9.52,5.08
"AT4G36540",11.07,6.15,10.68,6.41,11.18,6.42,6.38,10.29,6.46,10.15,5.87,10.56,6.27,10.91
"AT1G67710",3.41,8.61,3.94,8.06,3.42,8.5,8.05,2.68,7.33,3.71,7.94,5.5,8.2,5.3
"AT5G53210",7.19,1.88,6.34,2.44,6.31,2.38,2.43,6.63,1.89,6.56,2.08,6.93,3.38,6.24
"AT4G21340",2.17,6.69,2.34,6.22,2.16,6.33,6.59,3.12,6.15,1.73,6.47,1.31,6.58,2.89
"AT2G42660",5.17,7.92,3.83,7.54,3.82,7.72,7.58,3.08,7.38,3.12,7.55,2.57,7.64,3
"AT2G43010",9.77,6.02,7.22,5.67,10.39,5.78,5.78,9.91,5.88,10.05,6.04,10.66,5.73,10.57
"AT3G58070",8.45,4.62,8.57,4.38,8.5,4.45,3.66,8.14,4.81,8.23,3.17,8.21,3.98,8.1
"AT5G46690",8.48,4.97,8.94,4.29,9.06,5.1,4.02,8.29,4.48,8.32,4.67,8.62,4.12,9.11
"AT1G51190",3.37,7.42,3.7,7.52,2.21,7.69,7.57,4.24,7.06,3.38,7.42,3.07,7.26,3.15
"AT1G74660",5.04,9.25,5.04,9.28,5.94,9.18,9.44,5.04,8.86,5.21,9.57,4.96,9.17,4.54
"AT2G39250",6.75,4.44,7.69,3.83,7.35,3.56,2.2,8.51,4,8.59,3.82,7.94,4.5,7.22
"AT2G34830",3.11,7.87,4.38,7.91,4.54,8.27,7.97,3.5,8.52,4.2,8.32,4.61,8.22,4.29
"AT2G47890",4.63,10.21,8.49,10.36,4.93,9.76,10.09,6.01,9.71,6.43,10.04,8.2,10.79,9.96
"AT2G03710",8.52,5.08,8.41,4.92,8.72,3.57,5.1,8.48,4.67,8.79,2.94,7.79,4.7,7.78
"AT5G07690",8.91,5.14,8.55,4.7,9.43,5,5.45,8.94,5.36,8.91,5.52,10.18,5.24,9.67
"AT3G58190",2.88,6.09,3.03,6.32,3.04,6.48,6.96,2.7,8.05,3.73,8.3,3.53,7.37,3.2
"AT2G24260",6.1,9.79,6.44,9.23,5,9.52,9.55,6.11,9.19,4.22,9.55,4.84,9.64,6.21
"AT3G02550",7.86,10.88,6.84,11.28,7.53,10.92,10.43,7.42,10.77,7.22,12.04,7.4,12.39,6.95
"AT1G68150",4.87,8.32,3.29,8.41,5.56,8.43,8.44,4.92,8.38,3.75,8.22,4.51,8.75,4.68
"AT2G47520",4.81,7.44,3.74,8.17,5.46,7.42,8.64,2.62,7.22,5.3,7.47,4.81,10.12,4.71
"AT2G33810",8.19,4.97,8.41,4.55,8.7,4.73,5.03,7.57,4.11,7.92,3.5,8.14,3.66,8.97
"AT4G17810",9.29,5.21,8.98,5.22,9.59,5.86,5.22,9.32,5.12,9,4.32,9.29,5.62,8.88
"AT1G69600",2.34,6.46,3.13,6.12,2.8,6.73,6.55,2.36,6.6,2.4,6.81,2.39,6.1,2.17
"AT3G24310",3.81,6.4,1.84,5.19,0.62,6.12,7,2.24,5.4,2.96,5.69,2.45,7.09,4.4
"AT2G30420",6.38,3.04,6.6,2.17,7.03,4.07,2.1,6.32,1.97,6.53,4.12,6.99,3.5,7.47
"AT4G26150",8.28,4.89,7.3,2.67,8.04,4.21,3.77,7.75,3.18,7.81,3.31,7.03,4.35,6.63
"AT2G17040",8.13,3.58,7.99,3.72,6.84,4.29,6.21,10.11,6.65,10.01,7.12,7.28,4.88,6.03
"AT2G40750",5.88,9.11,9.02,8.39,5.96,9.86,10.23,5.73,10.11,4.29,9.86,6.07,9.55,8.68
"AT2G36890",4.52,7.9,4.87,7.89,4.52,8.02,7.58,4.61,7.36,3.33,7.8,2.38,7.68,4.21
"AT2G31070",9.55,5.29,9.19,4.98,9.74,5.55,5.76,9.21,5.48,9.2,5.58,9.38,5.58,8.61
"AT4G01460",8.61,5.22,8.22,3.83,8.79,5.61,3.09,7.57,3.82,7.81,5.54,8.23,5.07,8
"AT2G31380",11.08,6.77,8.61,6.17,11.24,8.09,7.65,10.89,6.12,10.86,6.72,10.57,6.55,9.07
"AT1G18860",5.29,7.71,3.31,7.42,4.73,7.55,7.28,3.45,7.31,2.78,7.46,3.91,7.63,3.39
"AT1G66230",8.88,3.12,7.51,4.05,8.06,4.36,4.07,7.92,5.01,7.84,6.21,7.49,3.83,7.73
"AT1G10585",6.12,6.94,7.35,2.28,5.77,2.52,1.74,5.41,2.87,5.14,3.27,7.17,4.56,6.71
"AT2G47460",5.48,9.53,5.78,10.34,6.36,8.8,9.48,6.27,9.07,6.38,9.28,5.1,9.38,4.96
"AT4G36990",6.85,11.82,8.14,11.61,7.75,11,10.98,8.02,11.55,8.02,11.87,8,11.48,7.57
"AT4G00050",10.64,6.64,9.89,6.61,10.68,6.31,6.63,10.49,6,10.53,6.31,9.65,6.56,8.73
"AT5G15310",8.36,5.15,8.32,4.56,9.11,4.94,4.95,8.28,4.94,8.52,4.78,8.76,4.8,8.91
"AT5G12330",5.84,10.19,5.56,9.55,6.14,9.46,9.86,6.02,9.3,6.11,9.66,6.17,9.78,5.87
"AT5G17490",1.73,6.35,1.51,5.95,1.98,5.87,5.74,5.27,7.01,6.54,6.56,5.64,6.5,3.8
"AT2G41940",9.21,5.58,9.36,5.75,9.48,5.31,5.35,9.04,5.5,8.86,5.42,9.07,5.54,9.25
"AT2G40470",1.7,4.58,1.48,5.75,3.25,5.82,5.95,2.69,6.25,2.14,5.51,1.87,5.86,1.92
"AT3G25730",5.66,9.98,6.24,9.5,4.99,8.93,8.97,6.58,9.37,6.1,10.5,5.83,9.22,6.43
"AT5G50915",10.02,5.73,9.31,5.66,9.3,5.97,5.73,10.05,5.94,10,6.05,8.85,5.81,7.96
"AT5G59820",8.88,9.86,6.82,9.18,6.33,9.07,11.6,9.32,10.91,9.21,10.63,6.04,10.8,6.35
"AT3G55980",10.98,8.5,7.68,8.21,7.58,8.41,12.04,11.45,12,11.27,10.57,7.29,9.36,7.36
"AT3G27920",6.08,1.87,5.94,3.84,5.01,2.42,2.93,6.19,1.81,6.54,2.56,6.3,3.74,6.04
"AT2G35430",2.73,6.29,3.01,5.78,2.7,5.89,6.08,3.08,6.56,3,6.12,2.13,6.53,2.44
"AT1G01010",5.71,8.43,6.17,8.4,5.12,8.53,8.87,5.04,8.32,4.7,9.43,4.52,8.68,5.82
"AT5G60970",8.06,4.56,7.77,3.44,8.16,4.22,4.75,7.68,3.79,7.86,5.09,7.58,5.22,7.61
"AT3G51910",7.14,9.69,6.31,8.62,6.28,9.38,9.33,4.64,8.82,5.54,8.78,5.32,9.5,5.9
"AT3G02830",10.09,6.58,10.8,6.92,10.34,6.95,7.05,10.35,6.71,10.38,6.72,10.1,6.62,9.61
"AT1G09530",7.62,5.34,7.6,5.72,6.92,4.64,5.91,8.12,3.1,8,4.91,8.59,3.54,8.09
"AT5G46880",7.46,3.92,7.38,3.82,7.44,4.08,3.8,7.7,4.46,7.51,3.38,7.55,4.66,7.06
"AT1G72360",6.99,10.18,6.87,10.07,7.17,9.64,10.38,6.56,9.51,6.62,10.21,6.55,11.3,6.86
"AT1G74930",8.94,6.08,6.64,5.89,7.44,6.32,10.1,10.91,9.61,11.02,7.21,7.6,6.38,7.71
"AT5G11060",8.86,6.62,10.18,6.34,9.62,6.61,6.18,9.14,5.92,9.3,5.93,10.22,6.66,10.38
"AT1G19510",7.7,4.3,6.95,4.29,7.61,3.29,3.94,7.11,3.73,7.36,3.46,7.2,4.39,7.17
"AT1G33280",2.16,6.28,4,6.68,4.11,6.79,7.03,3.54,7.03,4.6,6.48,4.41,6.08,1.95
"AT3G07650",4.44,8.29,9.64,8.12,4.7,5.7,6.12,4.92,6.03,5.55,6.8,4.98,8.26,9.3
"AT4G00180",9.36,5.43,8.61,5.13,9.07,5.54,5.43,8.63,5.46,8.56,4.89,8.33,5.71,8.38
"AT1G66470",3.85,6.93,3.68,7.19,4.24,7.42,7.6,4.31,7.47,5.44,7.03,3.75,7.33,3.29
"AT1G27740",3.48,6.33,4.31,6.82,4.48,6.54,6.31,2.42,6.97,3.87,6.53,2.02,6.25,3.7
"AT3G04420",2.37,7.38,3.91,6.84,3.8,6.01,6.26,2.77,5.86,3.94,6.47,3.77,6.28,2.87
"AT4G37780",0.67,1.75,1.47,0.62,1.7,1.53,4.71,1.68,4.72,1.19,5.78,0.56,3.03,1.07
"AT2G21900",5.25,7.32,4.29,6.16,5.3,7.46,8.23,3.86,8.18,4.25,8.04,4.04,7.86,5.27
"AT5G49520",6.12,9.02,6.23,8.52,5.92,8.28,10.22,7.83,9.93,7.88,10.25,5.71,8.8,5.79
"AT5G15150",4.44,7.11,4.5,7.66,3.99,7.7,7.44,4,8.11,4.77,7.66,4.29,7.42,5.07
"AT2G46400",7.9,8.35,7.14,7.49,7.14,7.95,11.29,9.61,11.43,9.5,10.3,6.5,9.05,6.37
"AT3G50890",6.83,2.97,6.62,3.14,7.01,3.06,2.71,6.25,4.73,6.55,4.01,5.86,3.47,6.02
"AT3G01080",1.25,4.36,1.27,2.9,1.62,3.17,5.07,1.7,5.32,3.23,5.62,1.71,5.2,1.88
"AT5G62165",5.69,8.67,5.49,8.63,6.32,8.38,8.36,4.62,8.38,5.06,8,5.69,8.16,4.48
"AT1G53160",7.46,4.91,7.33,4.58,8.11,5.3,4.96,7.65,3.67,7.75,4.18,7.73,5.19,8.05
"AT2G06020",4.25,2.38,0.77,2.72,3.63,1.8,1.67,4.1,1.92,4.14,-0.31,5.12,0.65,4.19
"AT3G50750",8.8,5.43,8.23,5.53,9.25,5.79,6.02,8.21,4.66,8.66,5.47,8.59,5.65,8.29
"AT5G65590",5,3.24,5.72,2.34,5.71,2.72,1.49,5.32,2.58,5.45,3.61,5.6,2.12,6.17
"AT5G58010",4.95,6.93,3.69,7.46,4.38,7.15,7.3,3.56,7.53,4.38,7.04,4.25,7.19,3.88
"AT5G22380",1.96,2.67,1.47,2.78,2.8,2.1,4.56,6.25,5.97,3.65,5.7,1.64,4.12,2.45
"AT2G40140",9.48,10.34,8.36,9.93,6.6,9.68,11.98,10.5,11.44,10.51,11.32,7.18,10.44,7.77
"AT4G27240",7.84,3.96,7.22,5.5,7.72,5.3,5.42,7.66,3.67,7.79,4.09,7.84,4.83,7.42
"AT1G16530",5.08,3.5,2.71,7.36,3.82,6.58,7.27,4.05,7.05,4.66,5.93,3.52,4.34,3.09
"AT5G52170",3.82,7.2,4.33,7.71,4.27,7.35,7.34,4.44,7.75,4.01,7.46,4.91,7.19,4.64
"AT2G02540",7.12,3.62,6.94,3.46,6.97,3.59,4.36,6.71,3.96,6.87,3.61,6.98,3.78,6.28
"AT1G26680",2.59,5.14,2.32,5.17,2.66,4.58,5.94,2.01,4.46,2.56,5.63,1.52,4.89,1.45
"AT4G25440",2.61,7.58,4.55,7.24,3.17,7.1,6.45,5.69,6.54,5.41,7.85,5.88,7.46,6.25
"AT1G52890",6.41,6.55,7.34,4.88,6.71,5.57,5.07,9.47,5.73,9.62,5.31,8.48,5.93,8.41
"AT4G17500",8.21,10.07,7.24,8.98,5.42,8.74,10.11,9.5,10.64,9.48,9.8,6.35,9.69,6.82
"AT1G08810",8.21,5.29,8.07,5.39,8.31,4.86,4.88,8.09,5.16,8,4.79,8.07,4.88,7.88
"AT1G56010",6.24,8.69,6.62,8.45,7.35,9.1,8.6,3.86,8.41,4.53,8.28,7.57,8.55,7.54
"AT1G10480",5.5,8.03,5.18,8.54,6,8.4,7.6,4.94,7.23,5.42,8.91,5.46,8.28,4.38
"AT5G53200",8.74,4.78,7.55,5.46,8.93,5.34,5.6,8.6,5.41,8.77,5.37,7.92,5.54,6.38
"AT5G15800",5.94,2.73,6.6,4.67,7.6,3.6,3.14,6.38,3.52,6.72,3,5.44,4.68,5.13
"AT1G55950",5.19,1.32,2.09,1.52,2.48,1.42,1.5,5.53,1.36,4.71,1.23,2.87,1.16,1.58
"AT1G18710",5.19,4.93,6.62,5.09,7.55,4.67,2.7,7.55,4.24,8.19,4.91,6.86,4.97,7.04
"AT5G07100",3.6,8.02,5.62,7.04,3.61,7.22,7.49,4.76,7.29,5.22,7.89,5.29,7.85,6.04
"AT1G73830",9.28,5,6.68,5.52,7.79,5.79,5.21,7.73,5.08,7.8,5.42,8.93,5.66,8.4
"AT1G12860",10.25,7.11,10,7.3,10.25,6.93,7.13,9.53,7.08,9.73,7.04,10.06,7.04,10.3
"AT3G29035",7.11,10.68,7.39,10.04,7.42,10.31,9.77,6.91,9.06,6.8,10.02,7.26,10.55,7.75
"AT5G02030",8.84,6.8,9.1,6.18,8.91,6.12,6.22,9.05,5.41,9.09,5.8,9.04,6.2,8.91
"AT4G24660",7.92,4.72,7.82,4.96,7.5,3.86,4.62,7.29,4.73,7.38,4.17,7.2,5.15,7.08
"AT5G61600",10.18,9.34,7.29,8.4,6.47,8.51,11.84,9.46,9.93,9.57,9.23,6.48,9.07,7.14
"AT2G20880",5.46,5.23,4.08,5.11,5.71,5.83,5.16,8.47,7.04,7.96,8.36,4.39,4.47,4.33
"AT5G39860",8.05,5.21,6.17,5.2,8.84,5.28,5.22,8.12,5.57,8.17,5.34,8.72,5.54,8.1
"AT5G04150",5.54,3.77,7.04,4.72,7.78,5.78,2.89,2.66,4.08,4.21,3.93,3.7,3.12,3.98
"AT1G75520",5.35,7.95,4.97,7.56,4.55,7.7,7.65,5.45,7.39,5.86,7.55,5.29,8.18,3.54
"AT2G46870",7.61,5.42,7.72,5.02,8.03,4.66,4.82,7.55,3.73,7.58,5.5,7.88,5.15,7.34
"AT5G67180",6.67,4.87,6.75,5.04,7.36,4.71,2.38,7.16,4.87,7.35,5,7.21,4.41,6.83
"AT5G58080",5.29,2.94,5.29,4.19,6.03,1.73,2.42,5.14,4.25,6.04,2.68,4.73,2.84,6.09
"AT3G61950",7.03,3.39,7.08,4.03,7.25,3.81,4.25,6.12,3.81,6.66,4.39,6.61,4.34,6.72
"AT4G37730",6.46,9.35,6.14,9.32,6.77,9.37,9.3,6.6,9.54,6.94,9.77,6.61,9.11,6.47
"AT1G66380",3.92,3.06,3.53,1.97,5.13,1.1,1.52,5.06,1.77,5.2,3.07,4.75,1.33,3.15
"AT3G58710",7.28,9.7,7.21,9.65,7.53,9.86,9.97,6.89,10.62,6.8,10.59,7.57,10.06,7.82
"AT1G28050",5,9,8.21,8.46,3.9,7.62,7.45,6.2,7.67,6.5,7.58,7.37,8.43,9.04
"AT4G23810",7.57,7.21,6.95,7.04,5.93,6.82,9.34,9.6,9.14,9.43,9.21,5.42,7.13,5.65
"AT3G02150",8.07,4.99,7.97,5.07,8.16,5.56,5.38,8.69,5.83,8.62,5.47,7.75,5.49,7.86
"AT5G65640",7.92,11.01,7.93,11.02,7.88,10.61,10.88,7.88,9.98,8.16,11.08,8.52,11.35,8.43
"AT5G04340",8.34,10.25,6.88,9.25,6.37,8.62,10.42,8.94,10.11,8.93,10.29,6.77,9.95,6.86
"AT1G56650",5.69,4.48,7.37,5.44,7.38,4.78,4.66,7.4,4.96,7.72,4.79,8.93,5.2,7.24
"AT2G24570",7.53,9.66,6.85,9.96,7.05,9.84,10.13,8.22,9.69,7.79,10,6.27,10.07,6.96
"AT5G49620",5.08,7.94,4.13,6.31,3.45,6.51,6.74,3.56,5.62,4.37,7.2,4.07,6.77,4.88
"AT1G20700",5.47,7.85,4.88,7.99,5.41,7.92,8.12,5.14,7.54,5.8,7.75,4.63,8.14,4.86
"AT2G46410",5.44,7.97,5.68,8.23,5.46,8.69,8.56,5.3,8.35,5.66,8.32,5.7,8.06,5.55
"AT5G44260",8.06,5.98,3.5,4.5,7.12,6.1,6.46,6.97,6.74,6.83,6.7,8.96,7.12,8.68
"AT3G56980",5.7,6.2,7.64,8.52,6.87,9.07,7.26,5.14,6.89,3.78,6.52,4.89,6.75,5.19
"AT5G16540",9.63,6.53,9.55,7.1,9.68,6.92,6.87,9.29,6.64,9.38,6.54,9.21,6.32,9.34
"AT2G46130",2.77,6.48,4.22,6.97,4.7,6.07,6.42,5.08,5.95,3.72,6.14,3.21,6.32,3.22
"AT2G42440",1.86,6.26,1.38,3.92,1.66,2.46,2.48,1.83,0.77,1.59,3.62,1.97,3.59,1.4
"AT2G22200",6.09,3.25,5.93,4.9,5.18,5.43,5.42,8.61,5.91,8.43,4.88,7.06,4.69,6.13
"AT5G53980",2.09,6.44,1.51,4.08,2.22,5.17,3.01,1.42,2.85,2.44,3.75,1.77,3.06,2.42
"AT5G67450",6.19,7.55,5.76,7.89,4.29,8.27,8.82,6.97,8.39,6.71,7.87,5.01,8.18,5.29
"AT2G16720",6.53,9.44,6.88,9.13,6.56,9.45,9.13,6.86,8.92,6.7,9.57,6.46,9.27,6.13
"AT2G38250",3.06,6.38,2.93,5.33,2.92,4.61,6.13,6.04,6.36,5.49,7.1,3.8,6.1,5.12
"AT4G03170",1.96,5.06,0.98,4.19,0.53,2.92,4.08,3.1,2.03,1.43,4.83,2.54,2.7,1.68
"AT3G24140",8.35,5.69,8.43,6.07,8.27,5.5,5.35,8.29,5.56,8.29,5.93,8.5,5.86,8.57
"AT3G03660",4,6.55,2.98,6.17,4.78,5.67,5.8,5.37,5.42,2.44,5.55,3.69,5.96,2.63
"AT3G13890",4.76,3.05,5.15,2.7,5.91,2.3,3.12,5.06,3.31,4.68,3.12,5.09,1.77,5.96
"AT3G62090",5.51,8.25,4.28,7.81,5.44,7.09,7.12,5.24,6.46,3.46,6.58,4.8,7,5.42
"AT4G10240",2.9,3.29,4.62,-0.98,2.21,2.9,3.67,4.25,3.42,3.66,4,3.72,1.94,3.12
"AT1G05230",8.91,6.26,9.1,6.16,9.07,5.91,6.38,8.77,6.55,8.78,6.46,8.77,6.47,9.03
"AT2G46510",8.42,6.77,8.94,6.29,8.16,6.58,8.15,9.89,11.01,10.06,9.18,8.29,7.5,8.68
"AT1G71692",5.64,8.09,5.24,8.44,5.68,8,7.61,5.13,8,5.08,7.8,5.08,7.51,5.64
"AT1G74430",7.12,5.46,7.73,4.94,7.85,5.25,5.93,8.6,7.29,8.89,6.35,7.99,5.34,8.29
"AT2G22630",2.73,6.18,4.24,6.45,4.34,5.91,6.17,4.59,6.62,4.03,5.96,4.36,6.06,2.65
"AT1G17310",3.88,6.54,3.38,6.19,3.64,6.39,5.58,3.51,5.7,4.37,5.98,2.55,5.89,3.83
"AT3G61850",6.86,9.43,6.62,9.21,7.18,8.79,9.44,6.53,9.38,6.83,9.7,6.73,9.48,6.82
"AT3G06220",3.74,2.12,4.33,2.6,4.51,2.44,2.55,4.59,3.33,5.84,2.84,5.4,1.17,2.58
"AT2G47260",6.74,9.77,6.74,9.02,6.86,9.11,9.45,6.94,8.73,7.04,9.81,6.47,9.5,6.95
"AT4G12350",2.59,4.91,2.45,5.25,2.81,5.19,5.28,2.63,5.14,3.38,5.17,2.37,4.87,1.98
"AT4G08150",5.33,8.32,6.88,8.32,6.42,8.64,9.12,5.49,7.82,6.55,7.92,5.91,7.99,5.21
"AT5G57660",11.57,9.95,8.29,8.23,11.96,10.45,10.48,12.11,10.27,12.13,10.81,12.14,10.66,12.04
"AT2G28160",5.62,7.69,5.48,8.21,6.31,8.68,8.38,5.8,8.16,5.73,7.9,5.39,8.49,5.88
"AT4G09820",2.5,3.68,3.46,0.29,2.2,1.58,0.92,3.02,1.19,2.43,1.64,4.16,0.74,4.46
"AT1G14580",7.64,5.25,7.62,5.66,8.39,5.42,5.87,8.13,5.23,8.14,6.14,8.62,5.42,7.42
"AT5G49330",7.53,4.7,8.11,5.31,7.14,4.89,5.45,7.39,3.92,7.33,4.62,6.43,5.42,5.84
"AT5G28300",8.8,6.23,8.77,5.84,8.57,6.24,6.08,8.43,6.03,8.45,6.04,8.48,6.03,8.43
"AT5G54070",4.55,4.47,4.08,1.22,4.8,2.74,3.2,1.91,1.77,4.34,2,2.56,4.01,1.29
"AT3G45260",8.04,5.77,8.53,5.97,7.87,6.22,6.12,7.98,5.38,7.86,6.03,8.89,6.08,9.04
"AT1G62360",5.72,2.98,6.55,3.69,6.04,2.84,4.18,4.79,3.34,6.29,3.52,5.46,3.67,5.22
"AT1G26790",6.78,2.72,4.14,4.03,6.14,2.55,4.6,5.62,4.05,5.89,3.46,3.5,3.68,4.76
"AT1G06170",2.53,0.35,2.97,4.78,1.75,4.12,3.96,2.23,3.54,2.39,4.24,2.57,2.48,0.89
"AT3G59580",6.69,5.04,6.25,2.95,7.16,4.81,4.13,6.31,4.82,6.66,4.76,6.9,4.39,6.53
"AT1G68640",4.14,6.16,4.03,5.98,3.93,6.13,6.42,5.2,6.17,4.54,6.36,3.32,6.45,2.92
"AT2G23760",8.95,7.18,9.04,7,9.32,6.79,6.56,8.98,6.69,8.98,6.56,9.52,6.82,9.57
"AT4G37850",1.11,2,1.1,0.4,3.17,3.25,2.96,1.99,4.46,1.25,4.38,2.07,3.25,1.36
"AT3G61630",6.89,7.47,4.7,7.44,4.75,7.91,7.89,7.76,7.69,7.78,7.87,6.03,7.87,4.96
"AT1G49720",5.87,9.3,7.8,8.46,6.09,7.38,7.92,6.64,7.66,5.83,8.09,8.43,9.68,9.16
"AT5G62430",10.04,7.34,8.28,7.31,10.3,7.99,7.98,10.71,7.95,10.69,8.55,10.04,7.7,9.14
"AT2G13570",2.97,1.31,3.99,1.64,2.91,2.1,2.88,4.98,1.73,2.82,1.63,5.5,2.29,3.32
"AT5G03680",2.8,6.47,5.72,6.64,4.05,6.2,6.22,4.91,5.16,5.06,5.81,5.46,5.88,2.67
"AT5G44210",5.17,6.55,3.42,7.03,3.22,6.86,6.5,6.94,6.42,6.77,7.08,5.89,6.47,6.09
"AT3G12820",5.47,5.46,4.67,5.73,4.45,7.41,6.63,2.96,6.12,3.13,4.36,4.41,5.99,4.66
"AT4G33450",4.71,6.89,3.6,6.88,4.09,6.69,6.63,3.78,6.01,4.55,6.38,4.51,6.82,5.37
"AT3G19580",7.88,8.96,7.14,8.09,7.69,8.36,10.29,9.52,11.1,9.41,10.39,7.63,9.22,7.28
"AT2G26150",3.45,6.41,3.44,5.86,3.29,5.37,6.05,5.53,5.65,4.68,6.44,4.84,7.56,4.93
"AT5G10280",5.62,7.98,5.84,8.36,6.17,8.12,8.4,5.86,7.86,5.58,8,5.89,7.8,5.12
"AT5G60910",6.88,4.34,7.8,5.08,7.47,4.86,4.66,7.02,5.28,7.64,5.57,7.23,5.32,7.17
"AT4G18390",9.41,7.04,9.25,6.96,9.4,7.17,7.06,9.48,7.4,9.6,7.38,9.87,7.26,9.87
"AT3G26744",10.62,8.04,10.07,7.92,10.52,8.37,7.9,10.57,7.99,10.68,7.85,10.29,8.17,10
"AT1G33760",4.27,1.49,0.88,0.57,2.91,0.54,1.4,3.33,0.82,2.49,0.22,1.77,0.24,1.1
"AT1G15360",4.08,2.75,3.62,2.58,5.03,2.44,2.5,4.11,2.41,5.45,2.2,5.32,2.08,4.67
"AT3G01140",6.8,4.98,7.69,4.96,6.94,5.21,4.71,7.01,4.86,7.47,5.02,7.49,4.54,7.17
"AT5G56620",3.8,5.94,3.22,5.14,3.77,5.92,5.62,3.91,5.22,2.71,5.72,3.61,5.97,2.82
"AT2G37740",3.17,5.52,3.56,5.89,4.96,5.89,6.61,2.58,5.75,3.82,5.73,4.68,5.82,4.03
"AT1G64380",5.75,5.48,6.8,5.84,6.07,5.8,5.58,9.23,5.88,9.21,6.87,5.94,5.92,6.41
"AT5G40430",2.48,3.94,3.11,1.68,4.15,1.33,1.06,4.61,2.19,1.34,1.67,3.09,1.73,0.77
"AT3G53310",7.04,5.46,7.29,5.1,7.78,4.81,4.82,7.22,4.98,7.4,4.83,7.3,5.17,7.38
"AT2G22850",6.6,8.19,6.26,8.15,6.87,8.25,8.55,7.13,10.36,7.3,9.73,6.8,7.91,6.47
"AT2G29660",7.45,9.75,7.38,9.73,8.13,10.16,9.93,6.92,8.75,6.45,9.02,8.04,9.51,7.69
"AT4G21750",10.54,8.12,10.26,7.93,10.64,8.52,8.18,10.48,8.09,10.46,8.24,10.59,8.28,10.68
"AT5G40360",3.96,3.75,3.46,1.22,5.47,4.17,2.16,4.33,1.85,3.99,4.35,4.53,2.11,2.94
"AT5G25830",3.89,7.39,5.39,7.77,5.91,7.78,7.71,5.89,7.65,5.62,7.57,5.94,7.62,6.18
"AT5G32460",3.53,1.06,2.73,2.91,4.47,2.25,0.82,4.21,2.12,4.89,3.29,3.7,3.61,3.92
"AT5G47640",9.38,7.69,10.2,7.81,10.15,7.98,8.29,10.87,8.08,11.09,8.15,9.02,7.65,9.45
"AT2G01760",8.84,6.23,8.45,6.84,8.91,6.29,6.86,8.32,6.25,8.39,5.96,8.94,6.63,8.99
"AT1G77450",6.38,9.8,8.81,9.23,7.59,9.13,9.25,10.16,9.34,10.22,9.88,7.28,9.13,7.25
"AT5G41410",8.8,6.78,9.65,7.34,9.15,6.98,6.84,8.48,6.38,8.6,6.61,9.07,7.08,9.67
"AT4G36870",7.92,6.08,8.11,5.42,8.03,5.87,5.65,8.12,5.85,8.19,6.11,8.42,6.47,8.45
"AT1G31640",5.32,3.9,3.71,3.38,6.27,2.61,3.12,5.63,4.39,5.67,3.54,5.29,2.84,5.24
"AT4G17230",7.8,9.44,8.35,9.09,7.74,9.14,10.21,10.77,11.54,10.77,10.82,8.58,9.77,8.84
"AT2G31210",2.58,1.96,3.08,0.66,1.68,2.15,3.44,3.75,1.81,0.71,0.44,1.15,3.21,0.06
"AT1G21910",10.32,7.54,6.54,7.47,6.95,7.57,9.93,8.35,9.67,8.35,8.31,7.05,7.78,6.8
"AT2G47190",6.22,7.45,5.21,6.29,4.05,6.39,6.98,4.91,8.18,5.39,7.74,5.36,7.13,5.53
"AT2G22770",7.5,10.12,7.02,10.19,7.54,9.57,9.14,7.75,10.12,7.92,9.72,8.21,9.93,7.58
"AT4G27410",7.93,9.01,7.62,8.85,7.91,8.96,8.73,11.45,10.38,11.36,9.86,9.19,8.87,8.58
"AT3G06120",2.69,1.42,3.61,1.34,3.77,1.4,1.6,4.48,0.88,3.78,1.5,3.25,1.96,3.39
"AT3G44750",9.93,10.64,8.8,11.63,8.79,11.32,11.2,9.72,11.23,9.54,11,8.63,10.88,8.09
"AT5G40350",2.79,4.24,1.1,3.64,1.96,4.25,3.84,1.66,3,2.82,3.51,0.76,4.44,2.77
"AT5G37260",8.81,8.75,11.41,9.71,7.04,7.78,7.67,8.57,7.94,8.57,8.39,6.51,7.89,8.06
"AT3G44350",2.23,1.4,0.53,1.03,3.67,0.33,2.58,2.92,4.44,2.18,3.23,2.36,2.48,3.17
"AT5G15210",9.54,6.75,9,6.48,9.55,7.08,6.85,8.65,6.61,8.54,7.09,8.62,6.68,8.88
"AT2G41070",6.1,8.3,6.17,8.2,5.82,8.25,8.7,6.65,8.54,6.46,8.62,6.21,8.46,6.15
"AT3G56520",1.63,4.88,2.46,5.36,2.53,4.94,3.98,3.23,4.76,2.9,5.08,2.88,3.71,4.29
"AT1G06160",4.69,7.91,7.23,8.24,5.46,6.66,5.76,5.18,6.07,5.2,5.8,4.17,6.49,5.57
"AT2G40970",7.94,10.54,7.26,9.85,8.41,10.25,10.54,7.84,10.07,8.19,10.05,9.14,10.46,8.39
"AT5G43840",0.9,2.19,-0.52,3.77,1.81,1.48,3.06,2.94,0.66,2.84,1.4,2.54,1.4,0.7
"AT5G16560",5,7.5,5.17,7.05,4.7,7.24,7.6,5.4,7.43,5.64,7.8,7.21,7.88,6.54
"AT1G24260",6.56,5.11,6.53,4.63,7.3,4.85,3.39,5.92,4.29,6.38,4.58,6.33,4.38,6.34
"AT1G01060",12.06,4.75,6.96,6.21,11.79,8.71,8.75,11.46,8.31,11.45,7.92,8.18,6.21,6.11
"AT1G01250",6.12,3.52,5.44,3.84,7.17,1.91,3.38,5.68,4.08,5.55,3.25,6.92,4.38,6.38
"AT1G01720",8.55,10.82,9.76,10.37,9.07,10.41,10.36,11.55,10.96,11.66,11.04,8.62,10.64,8.6
"NA",NA,NA,NA,NA,NA,NA,NA,NA,NA,NA,NA,NA,NA,NA
"AT1G02250",5.15,5.34,5.17,5.28,5.55,5.29,5.19,5.78,5.58,5.48,5.24,5.41,5.63,5.48
"NA.1",NA,NA,NA,NA,NA,NA,NA,NA,NA,NA,NA,NA,NA,NA
"AT1G03840",2.71,7.8,1.67,8.46,3.7,8.4,8.07,1.86,7.87,2.71,8.09,2.92,8.36,2.77
"AT1G06180",7.27,9.01,7.62,8.61,6.8,8.69,8.54,7.67,8.5,7.74,8.8,7.2,8.78,6.6
"NA.2",NA,NA,NA,NA,NA,NA,NA,NA,NA,NA,NA,NA,NA,NA
"AT1G06850",7.51,7.7,7.34,8.23,7.47,8.16,8.11,7.54,8,7.51,8.15,7.29,8.13,7.17
"NA.3",NA,NA,NA,NA,NA,NA,NA,NA,NA,NA,NA,NA,NA,NA
"AT1G08320",7.6,8.69,7.56,8.35,7.6,8.25,8.59,7.77,8.77,7.65,9.04,7.42,8.73,7.81
"AT1G09540",5.53,6.94,5.66,6.57,5.96,6.72,6.36,5.83,6.46,6.16,6.46,4.58,6.72,5.49
"AT1G12260",4.35,5.76,5.52,5.09,6.06,5.42,5.54,4.2,5.29,5.45,5.73,5.02,5.68,5.66
"AT1G12610",4.96,1.5,3.2,3.48,4.27,3.43,6.37,6.53,9.42,5.96,5.97,2.38,2.47,1.75
"AT1G12630",6.86,6.26,6.6,6.67,7.01,6.38,6.45,6.02,6.61,6.36,6.05,5.94,5.86,6.38
"AT1G13260",10.9,10.46,8.2,9.34,8.67,9.22,9.95,9.07,10.57,9.1,10.15,9.69,9.91,9.8
"AT1G13450",8.25,9.48,8.33,9.07,8.52,9.26,9.41,8.07,9.01,8.16,9.11,8.8,9.39,8.96
"AT1G14687",1.66,1.47,2.55,1.04,1.84,1.66,1.78,1.52,0.78,1.27,2.17,0.96,1.64,1.76
"AT1G16490",6.36,4.94,6.3,5.33,6.3,5.67,5.54,5.9,6.27,6.13,6.33,5.93,5.61,6.44
"AT1G18330",9.7,9.42,7.29,8.57,9.77,9.75,10.07,8.97,9,8.93,9.34,10.39,10.09,9.97
"AT1G19000",12.2,10.96,11.7,10.61,12.55,11.02,10.95,11.85,10.46,11.91,10.22,11.99,10.8,11.85
"AT1G19040",5.21,3.5,3.6,3.03,3.88,4.75,3.23,4.25,3.79,5.21,4.19,4.22,4.55,2.96
"AT1G19210",5.96,5.96,4.84,5.6,6.16,5.2,8.79,6.88,8.23,6.77,6.49,5.7,5.78,6.33
"NA.4",NA,NA,NA,NA,NA,NA,NA,NA,NA,NA,NA,NA,NA,NA
"AT1G19850",8.18,9.73,7.98,9.11,8.32,9.17,9.02,8.34,8.68,8.53,9.04,8.61,9.12,8.05
"AT1G20910",8.22,7.95,7.58,7.95,7.68,7.92,8.29,8.18,8.09,7.8,8.04,7.85,8.12,7.38
"AT1G20980",9.84,10.22,10.04,10.14,9.96,10,10.21,10.07,10.33,9.88,10.16,9.78,10.21,10.09
"AT1G22070",8.33,9.6,8.96,9.31,8.56,9.25,9.36,8.75,8.96,8.72,9.23,9.02,9.81,9.73
"AT1G22810",5.16,4.28,4.71,4.56,5.84,2.84,5.12,5.85,6.7,5.15,7.12,4.84,5.04,4.73
"NA.5",NA,NA,NA,NA,NA,NA,NA,NA,NA,NA,NA,NA,NA,NA
"AT1G25340",4.79,4.35,3.96,4.27,4.84,3.34,4.04,3.57,4.56,3.85,3.93,3.58,3.66,3.34
"AT1G25550",10.8,10.34,9.56,10.17,9.23,10.23,10.52,10.21,10.61,10.14,10.75,9.27,10.54,9.89
"AT1G27730",11,10.02,7.62,9.08,6.12,8.91,12.81,11.09,12.48,10.96,11.48,6.39,9.72,6.72
"AT1G28160",5.99,4.61,4.33,4.34,6.07,4.67,4.5,5.67,5.19,5.63,4.8,4.74,5.01,5.61
"AT1G28370",7.55,7.46,6.78,6.94,6.79,7.42,9.61,9.95,10.35,9.46,8.79,6.68,7.27,6.66
"AT1G28470",6.84,7.63,6.36,7.52,7.24,7.48,7.13,6.54,7.64,6.94,7.63,6.64,7.62,6.82
"AT1G29160",4.64,9.18,7.24,9.14,5.17,8.66,8.3,6.03,8.59,6.22,8.86,6.24,9.04,6.46
"AT1G29280",6.01,11.41,7.06,11.18,6.92,11.07,10.68,7.05,11,6.94,11.11,7.17,11.29,7.08
"AT1G29860",5.97,6.63,5.7,6.31,6.42,6.38,6.49,5.08,5.74,5.81,6.58,6.04,6.58,5.6
"AT1G30210",7.9,6.48,8.79,6.93,8.09,7.46,7.31,7.99,6.96,8.03,7.07,8.57,7.53,8.86
"AT1G30490",8.91,9.34,9.06,9.28,8.69,8.99,9,8.4,8.57,8.54,8.71,8.59,8.81,8.84
"AT1G30650",2.28,8.76,5.84,8.67,6.04,8.93,8.75,5.31,8.48,3.3,8.26,4.46,8.81,5.4
"NA.6",NA,NA,NA,NA,NA,NA,NA,NA,NA,NA,NA,NA,NA,NA
"AT1G32150",8.49,8.16,8.09,8.03,8.46,8.29,8.26,8.23,8.34,8.27,8.18,7.98,8.43,8.02
"AT1G32870",7.52,7.88,7.66,7.8,7.44,7.52,7.7,7.54,7.5,7.72,7.64,7.47,8.38,7.36
"AT1G33240",10.52,8.29,9.41,8.63,10.52,8.59,8.79,9.73,8.57,9.86,8.54,10.48,8.79,10.23
"AT1G34180",4.37,7.45,5.55,7.18,4.62,7.08,7,4.27,6.87,3.7,7.18,4.38,7.29,4.35
"AT1G34190",9.81,10.49,10.06,10.29,10.02,10.47,10.36,9.71,10.29,9.85,10.39,9.82,10.3,10.1
"AT1G34370",10.16,12.12,10.16,11.92,10.04,12.04,12.16,10.3,11.79,10.39,12.13,10.04,12.29,10.45
"AT1G34670",5.55,8.7,5.08,8.69,5.6,8.52,8.57,4.48,8.04,5.36,8.41,4.74,8.68,3.98
"NA.7",NA,NA,NA,NA,NA,NA,NA,NA,NA,NA,NA,NA,NA,NA
"AT1G36060",6.65,9.7,5.05,9.12,6.68,9.05,9.67,6.58,8.75,6.33,8.46,6.5,8.97,6.82
"AT1G43160",2.28,10.29,1.66,8.46,2.42,7.96,7.46,3.94,10.37,4.53,10.7,7.63,9.31,3.83
"AT1G43700",9.5,10.34,9.33,9.8,9.5,10.1,10.19,9.18,9.56,9.09,9.62,9.25,10.21,9.5
"AT1G44830",7.64,6.87,5.87,7.43,7.23,7.06,8.75,6.77,8.06,7.07,7.39,6.53,7.03,6.53
"NA.8",NA,NA,NA,NA,NA,NA,NA,NA,NA,NA,NA,NA,NA,NA
"AT1G46768",6.41,7.53,4.97,6.38,6.26,7.16,7.28,6.17,6.64,6.77,7.06,6.23,6.84,4.28
"AT1G47655",5.83,6.14,5.8,6.25,6.31,6.58,6.32,6.04,6.07,5.97,5.83,6.17,6.14,6.26
"AT1G49010",10.29,5.8,10.22,6.59,10.26,6.37,6.17,9.68,5.89,9.77,6.11,9.92,6.44,9.92
"AT1G49480",9.46,9.65,9.95,9.57,9.3,9.59,9.68,9.01,9.6,9.14,9.67,9.21,9.62,9.76
"AT1G49560",6.21,7.62,7.63,8.3,6.12,7.85,8.41,6.65,7.18,6.85,7.2,7.22,7.88,7.54
"AT1G50640",8.57,8.84,8.93,8.6,8.66,8.94,9.37,9.58,9.5,9.54,9.44,8.95,9.11,8.65
"AT1G51140",8.19,8.74,9.39,8.24,9.29,8.63,8.54,8.78,8.27,9,8.45,9.05,8.59,8.25
"NA.9",NA,NA,NA,NA,NA,NA,NA,NA,NA,NA,NA,NA,NA,NA
"AT1G51700",9.98,6.7,8.62,7.03,9.02,7.5,8.84,10.39,9.11,10.34,9.57,8.34,7.05,7.79
"AT1G52150",9.38,10.19,8.93,10.16,9.3,10.32,10.21,8.91,9.83,8.86,9.81,9.4,9.87,9.32
"AT1G52880",8.25,7.53,8.43,7.6,9.06,7.43,7.31,9.45,6.91,9.43,7.32,9.07,7.38,8.61
"AT1G53170",8.82,7.98,8.73,7.45,8.87,7.95,8.09,11.14,8.93,11.27,8.75,8.32,7.86,8.61
"AT1G53230",9.16,6.28,10.56,6.47,9.12,6.63,6.5,9.1,6.46,9.07,6.53,9.41,6.62,10.12
"AT1G53910",9.95,11.2,10.15,11,9.61,11.07,11.25,9.98,10.84,9.91,11.05,10.66,11.07,10.59
"AT1G54330",2.16,5.25,3.76,5.62,3.5,5.46,5.37,3.04,5.08,4.97,5.52,4,5.24,3.95
"AT1G55110",9.28,8.85,9.18,8.25,9.74,8.57,8.61,9.42,8.1,9.42,8.81,8.98,8.85,8.8
"AT1G59640",6.2,6.81,6.7,6.39,7.03,6.42,6.51,7.08,6.55,6.96,6.55,6.46,6.11,6.66
"AT1G62300",4.65,10,7.05,9.44,5.17,9.38,9.58,7.5,9.61,7.36,10.46,5.85,9.95,5.94
"AT1G63030",4.16,2.42,2.92,3.21,4.84,2.95,3.07,4.91,5.9,3.42,3.96,4.11,2.42,2.25
"AT1G64620",8.01,8.44,7.42,8.25,8.1,8.2,8.39,8.12,8.45,8.16,8.54,7.88,8.23,7.46
"AT1G65910",6.91,6.54,6.83,6.71,6.91,6.68,6.68,6.82,6.75,6.8,6.66,6.84,6.78,6.62
"AT1G68200",4.78,4.71,5.16,5.96,6.98,5.22,5.3,5.85,5.51,6.51,5.04,5.68,5.44,5.27
"AT1G68320",6.48,5.87,5.65,5.36,6.55,5.23,5.63,6.23,5.34,6.38,5.47,6.01,5.61,5.96
"AT1G68550",9.22,9.34,9.1,9.77,9.18,9.42,9.39,9.43,8.91,9.4,9.31,8.95,9.14,9.16
"AT1G68670",10.37,10.1,9.91,9.77,10.4,9.96,10.01,10.43,10.05,10.38,9.96,10.41,10.21,10.19
"AT1G69010",9.06,9.23,8.69,9.11,9.27,8.97,8.76,9.25,8.73,9.39,9.02,9.07,9,8.65
"AT1G69180",1.77,1.52,2.19,1.75,2.42,1.15,1.36,1.47,1.21,2.16,1.14,1.63,1.96,1.9
"AT1G69490",9.66,10.63,6.82,8.58,9.46,9.06,8.89,9.8,8.88,9.77,9.43,9,9.78,8.2
"AT1G69570",9.42,6.9,6.43,5.74,8.47,7.45,7.56,8.34,7.49,8.42,7.85,8.04,7.64,7.37
"AT1G69690",8.22,6.5,8.27,6.79,8.84,6.34,6.46,8.12,6.26,8.16,6.16,8.93,6.53,8.71
"AT1G69780",8.58,7.68,8,8.34,8.51,8.47,8.38,7.87,7.52,7.66,7.57,8.76,8.14,8.68
"AT1G70920",4.63,5.92,3.48,5.62,3.45,4.19,5.28,4.9,5.28,4.75,5.22,1.02,6.24,4.62
"AT1G71450",5.38,5.42,3.72,4.92,5.78,5.21,5.5,5.95,5.81,5.92,5.29,4.85,4.92,4.99
"NA.10",NA,NA,NA,NA,NA,NA,NA,NA,NA,NA,NA,NA,NA,NA
"AT1G72740",8.43,8.2,8.46,8.01,8.39,8.16,8.36,8.48,8.38,8.56,8.22,8.3,8.23,8.39
"AT1G74480",5.32,4.91,5.21,4.94,5.34,4.62,4.42,5.25,3.27,5.31,4.3,5.21,4.46,5.94
"AT1G74650",5.33,5.79,5.84,4.92,6.62,5.34,4.8,6.13,4.29,5.75,3.36,6.17,4.89,4.89
"AT1G74840",9.75,11.41,8.99,11.17,9.8,11.43,11.39,9.86,11.03,9.86,10.75,9.54,11.3,9.64
"NA.11",NA,NA,NA,NA,NA,NA,NA,NA,NA,NA,NA,NA,NA,NA
"AT1G75240",9.26,6.78,8.41,6.53,9.09,6.9,6.77,8.93,6.43,9.14,6.2,8.78,5.97,8.66
"AT1G75390",8.04,10.27,7.56,10.75,7.92,10.34,10.38,8.04,10.6,7.81,10.12,8.07,9.86,8.11
"AT1G76420",5.62,4.39,5.71,4.75,5.78,4.37,4.95,5.39,4.29,5.46,4.36,4.79,4.15,5.33
"AT1G76880",8.35,8.35,8.26,8.46,8.3,8.43,8.76,8.25,8.36,8.43,8.52,8.29,8.7,8.09
"AT1G76890",9.22,7.67,8.62,7.17,8.67,7.17,7.37,8.11,7.36,7.97,7.16,8.23,7.38,8.72
"AT1G77200",3.56,3.84,2.21,5.5,2.41,5.83,5.59,3.76,5.21,2.84,6.01,2.5,4.29,2.26
"AT1G77920",6.69,11.04,9.06,10.34,7.55,10.56,10.41,7.05,9.56,7.08,10.8,8.05,10.59,8.23
"AT1G78700",7.88,7.51,7.53,7.82,8.2,8.03,8.28,7.67,7.96,7.84,7.86,7.23,7.89,7.9
"AT1G79180",4.52,9.28,5.83,8.48,4.96,7.85,6.88,4.21,7.44,3.51,8.66,4.68,8.11,3.86
"AT1G79580",5.49,7.47,5.55,7.51,6.4,7.81,7.7,5.46,7.43,5.2,7.42,5.08,7.63,5.53
"AT1G80840",9.56,8.46,7.3,7.11,6.54,7.09,10.84,10.63,12.04,10.49,10.95,7.08,8.83,7.21
"AT2G01060",9.21,10.25,9.45,9.96,9.51,10.17,9.93,9.17,9.8,9.07,9.91,9.3,9.99,9.7
"AT2G01930",8.3,8.22,7.47,8.23,7.87,8.18,8.31,8.06,7.75,8.01,8.09,8.36,8.25,8.57
"AT2G01940",7.62,5.85,6.83,5.85,7.23,5.91,6.4,6.59,6.1,6.93,5.86,7.41,5.82,7.12
"AT2G02070",9.52,6.3,9.68,6.91,9.43,7.09,7.25,9.05,7.21,9.32,7.25,9.54,6.94,10.2
"AT2G02080",9.32,7.13,8.93,6.98,9.7,7.36,7.46,8.93,6.86,8.98,7.59,9.62,7.24,9.26
"AT2G02450",8.07,3.29,8.09,2.04,7.69,3.08,4.46,8.41,2.12,8.8,3.31,7.9,0.34,7.99
"AT2G02820",6.52,7.67,6.95,7.39,6.21,6.45,6.74,6.47,7.29,6.22,7.12,6.38,7.12,6.46
"AT2G03340",7.72,8.64,8.95,8.41,7.85,8.2,8.27,7.87,7.62,7.69,8.14,8.59,8.7,9.43
"AT2G03500",6.84,7.93,7.19,7.82,6.66,7.48,7.19,7.42,7.22,7.08,7.75,7.31,7.45,7.53
"AT2G04038",3.42,7.46,4.13,6.12,2.66,6.94,6.43,3.04,6.61,4.2,7.34,3.43,7.25,2.94
"AT2G06200",4.21,2.4,3.04,4.84,3.74,3.25,4.96,4.32,5.58,4.2,5.02,3.58,4.03,4.02
"AT2G15740",5.43,4.35,4.54,4.93,5.67,4.72,4.6,5.36,4,5.39,3.88,4.47,4.41,4.78
"AT2G18060",5.85,6.21,4.75,6.14,5.62,6.14,5.88,5.43,5.73,4.62,5.97,4.16,5.95,4.79
"AT2G18160",12.13,12.47,11.5,12.46,11.7,12.62,12.43,10.48,11.97,10.54,12.19,10.95,12.33,11.24
"AT2G18350",6.38,6.69,5.67,6.29,5.79,6.53,6.23,6.24,6.17,6.66,6.48,6.79,6.92,7.36
"AT2G18380",6.6,6.57,6.51,6.45,6.82,6.39,6.17,6.27,6.58,6.45,6.51,6.15,6.7,6.7
"AT2G18550",6.78,8.13,6.19,6.95,7.23,7.35,6.97,6.36,6.92,6.59,6.52,6.37,7.24,6.76
"AT2G20110",6.52,6.57,6.47,6.72,6.53,6.55,6.73,6.91,6.54,6.76,6.64,6.21,6.37,6.51
"AT2G20400",7.18,7.37,7.04,7.23,7.36,6.98,7.08,7.19,7.08,7.1,6.89,6.89,7.12,7.29
"AT2G22430",10.34,11.22,11.04,10.78,11.06,10.75,10.54,11.88,10.61,11.86,11.05,11.12,10.88,11.38
"AT2G22540",9.02,7.83,8.53,7,9.41,7.61,7.84,8.93,7.21,9.09,7.47,9.51,8.19,9.3
"AT2G23290",8.18,7.84,7.15,7.92,7.8,8.05,8.65,7.47,8.41,7.54,7.98,7.72,7.93,7.7
"AT2G23320",9.34,10.21,9.32,9.5,8.3,9.66,9.91,10.02,10.37,9.85,10.47,7.79,10.28,9.05
"AT2G23340",7.92,9.21,9.28,9.62,8.04,9.11,9.13,9.79,9.25,10.32,9.6,8.36,9.29,8.05
"AT2G24430",6.46,7.58,5.86,7.63,6.38,7.94,7.69,5.87,7.71,5.54,7.98,5.24,7.72,5.62
"AT2G26960",3.87,1.94,3.39,2.96,4.02,1.2,1.29,2.58,2.04,3.17,1.06,2.27,1.44,2.91
"AT2G27300",5.63,5.5,4.58,5.13,4.17,4.3,4.91,5.36,5,3.67,5.51,4.84,5.12,4.35
"AT2G28810",8.73,9.34,9.45,9.41,9.06,9.18,9.34,9.07,8.93,9.04,9.07,9.61,9.25,9.41
"AT2G30250",7.66,8.96,8.1,8.5,7.2,8.41,8.88,8.79,9.43,8.78,9.75,7.94,9.22,8.11
"AT2G30340",2.18,8.43,1.31,8.73,2.79,9.03,8.87,2.54,8.98,1.88,9.12,2.31,8.99,2.64
"AT2G30590",8.54,9.02,8.54,8.82,8.33,9.11,9.6,8.52,8.65,8.34,9.36,8.57,9.47,8.45
"NA.12",NA,NA,NA,NA,NA,NA,NA,NA,NA,NA,NA,NA,NA,NA
"AT2G31230",6.79,7.93,7.61,7.8,7.19,7.05,6,7.63,7.04,7.25,6.39,6.84,7.13,7.46
"AT2G32460",5.52,5.54,3.96,4.98,3.62,5.63,5.25,5.51,5.35,4.46,5.09,4.49,5.11,3.31
"NA.13",NA,NA,NA,NA,NA,NA,NA,NA,NA,NA,NA,NA,NA,NA
"AT2G33710",4.65,6.48,5.69,6.66,5.05,6.17,6.48,5.73,6.22,5.55,6.75,3.25,6.54,5.41
"AT2G35530",7.04,7.39,6.76,7.5,7.08,7.75,7.8,7.18,7.57,6.96,7.8,7.09,7.97,6.63
"AT2G35700",7.29,6.11,7.31,5.86,7.6,4.72,4.47,7.13,5.71,7.26,5.35,7.58,5.37,7.09
"AT2G36010",7.21,7.09,7.16,7.68,6.93,7.73,7.64,7.27,7.42,7.04,7.29,6.28,7.42,6.71
"AT2G36270",5.12,7.34,5.77,6.91,5.54,6.26,6.2,5.78,6.49,5.54,6.6,5.31,7.13,6.24
"AT2G37590",7.27,8.01,7.11,7.66,7.12,7.42,7.4,7.05,7.19,6.89,7.78,7.06,7.87,7.03
"AT2G38340",0.78,6.17,1.12,2.57,2.11,4.18,3.7,2.04,4.04,3.39,5.2,2.7,5.65,2.38
"AT2G38470",10.17,10.49,8.62,9.75,8.16,9.97,11.77,11.36,11.57,11.25,11.26,7.43,10.59,8.44
"AT2G40260",6.84,7.34,6.59,7.16,7.58,7.29,7.21,6.74,6.93,6.63,7.36,6.97,7.25,6.78
"AT2G40620",7.26,8.53,7.37,8.52,7.4,8.77,8.85,7.25,9.12,7.07,9.04,7.94,9.04,7.72
"AT2G40740",5.54,5.76,4.83,4.84,5.72,6.02,6.24,4.43,6.11,4.99,5.53,5.38,5.8,5.19
"AT2G41690",3.58,6.49,4.29,6.54,4.3,6.12,6.04,5.13,6.17,3.6,6.28,1.47,6.12,3.64
"AT2G42200",7.26,4,8.2,4.75,7.54,3.85,4.31,7.46,4.88,7.81,3.52,7.99,3.81,7.92
"AT2G42430",6.29,8.8,6.38,8,6.57,7.9,7.92,6.25,7.57,6.12,7.98,5.88,8.52,6.39
"AT2G43000",5.79,8.88,6.38,8.7,6.23,8.28,8.2,6.09,8.31,5.92,7.57,5.53,8.37,5.8
"AT2G44840",5.38,5.07,5.2,0.68,2.62,2.75,9.79,8.29,11.13,8.09,8.89,3.08,6,4.21
"AT2G44940",8.46,8.96,8.3,10.41,8.96,9.48,8.84,8.92,9.36,9.06,9.64,8.84,9.46,8.37
"NA.14",NA,NA,NA,NA,NA,NA,NA,NA,NA,NA,NA,NA,NA,NA
"AT2G45420",5.54,6.48,5.25,6.19,5.98,6.59,6.61,5.67,6.7,5.54,6.76,5.34,7.12,5.53
"NA.15",NA,NA,NA,NA,NA,NA,NA,NA,NA,NA,NA,NA,NA,NA
"AT2G45680",8.29,7.04,8.08,6.59,8.41,6.79,8.07,8.62,7.89,8.64,7.62,7.9,7.24,7.41
"AT2G46270",6.85,8.81,7.05,8.64,7.86,8.88,9.18,9.21,9.46,9.32,9.44,7.74,8.93,7.22
"AT2G46590",6.35,7.35,6.28,7.29,6.5,7.29,7.42,7.23,7.75,7.01,7.92,6.71,7.66,6.54
"AT2G46680",7.9,10.22,8.34,9.07,8.81,9.71,8.96,9.59,8.77,9.66,9.98,9.14,9.53,8
"AT2G46770",4.3,2.35,2.6,2.52,4.31,2.44,2.04,3.68,1.61,2.41,0.72,4.31,1.78,4
"AT2G47070",9.51,9.05,9.63,9.02,9.75,8.6,9.05,10.54,9.5,10.25,9.59,9.52,9.2,9.47
"AT3G01220",4.89,8.25,2.95,8.48,4.33,8.64,8.85,5.72,8.4,5.77,8.32,4.68,8.18,5.32
"AT3G01530",4.03,1.87,3.02,1.94,3.42,3.66,3.46,4.1,3.42,3.08,4.5,2.7,3.29,3.23
"AT3G01970",5,9.58,5.88,8.29,5.92,7.81,6.79,3.79,7.11,4.04,6.92,4.55,8.09,4.88
"AT3G02940",3.13,6.02,2.22,5.9,3.11,5.95,5.9,3.12,5.08,2.71,4.99,2.34,5.87,2.06
"AT3G03200",5.39,6.4,5.15,5.56,5.66,5.98,6.13,5.5,6.5,5.46,6.51,5.72,6.15,4.93
"AT3G04030",7.53,7.56,7.74,7.17,7.55,6.96,7.06,7.45,5.54,7.5,7.04,7.69,7.64,7.47
"AT3G04060",5.92,8.64,6.04,8.55,4.52,8.49,8.23,3.62,8.16,4.94,8.14,5.91,8.53,6.93
"AT3G04070",5.88,11.36,6.84,10.36,5.91,10.24,9.84,6.21,10.82,5.66,11.31,7.15,10.87,7.21
"AT3G06490",5.56,8.76,5.29,7.09,5.69,7.01,7.57,6.21,8.07,6.32,9,5.3,8.38,5.41
"AT3G08500",3.6,0.79,5.38,2.62,3.08,1.58,1.86,4.38,1.38,4.75,1.7,4,1.98,5
"AT3G09600",8.71,4.45,6.23,4.77,8.89,6.26,6.61,8.24,6.12,8.52,5.14,6.8,5.39,4.92
"AT3G09735",9.8,10.48,10,10.29,9.87,10.62,10.5,9.7,10.36,9.63,10.57,9.71,10.48,10.09
"AT3G10030",8.03,8.93,8.29,8.77,8.16,8.95,9.16,8.02,8.61,8.03,8.8,8.37,9.13,8.52
"NA.16",NA,NA,NA,NA,NA,NA,NA,NA,NA,NA,NA,NA,NA,NA
"NA.17",NA,NA,NA,NA,NA,NA,NA,NA,NA,NA,NA,NA,NA,NA
"AT3G10500",8.31,11.28,8.91,11.04,8.61,10.86,10.77,9.11,10.73,8.98,10.9,8.38,11.36,8.61
"AT3G10580",6.26,5.18,5.83,4.95,6.58,4.68,5.58,6.03,4.93,6.21,5.27,6,5.38,5.93
"AT3G10800",8.85,10.23,9.29,10.05,9.17,10.05,10.27,9.54,10.5,9.63,10.46,9.2,10.32,9.34
"AT3G11280",10.38,10.68,10.11,10.73,10.32,10.38,10.73,10.07,10.45,9.99,10.85,9.73,10.48,9.84
"AT3G11440",7.42,7.39,6.9,7.27,7.37,7.41,7.89,6.8,7.49,7.12,7.11,6.92,7.14,7.32
"AT3G12130",9.21,9.34,8.91,9.29,9.11,9.43,9.46,9.1,9.33,9.02,9.48,8.87,9.48,8.88
"AT3G12250",6.6,7.79,7.04,7.84,7.43,7.77,7.87,6.55,7.53,6.89,7.51,7.16,7.92,7.17
"AT3G12720",1.53,6.55,2.21,6.4,1.33,5.75,5.8,1.46,6.01,1.66,5.91,1.18,5.96,1.78
"AT3G12730",7.6,7.14,7.73,7.08,7.84,7.48,7.13,7.66,7.29,7.83,7.54,7.95,7.47,7.75
"AT3G13810",7.12,6.93,7.24,6.37,7.8,6.67,6.88,7.32,4.39,7.4,6.46,7.69,6.8,6.88
"AT3G14180",7.37,8.73,7.83,8.46,7.39,8.59,8.85,7.92,8.49,7.66,8.83,8.18,8.89,8.35
"AT3G15170",2.6,2.63,3.05,3.02,3.29,1.77,3.63,3.75,2.18,2.74,2.66,1.75,4.39,1.49
"AT3G15210",9.47,10.18,8.43,9.88,8.52,9.86,11.46,11.17,11.32,11.18,11.16,8.45,10.19,7.94
"AT3G15270",5.76,1.7,6.83,3.08,7.28,2.79,2.57,5.78,2.58,6.08,2.29,6.86,1.62,6.92
"AT3G15500",6.93,8.8,5.01,6.69,5.75,6.62,6.33,8.54,8.61,8.48,8.26,6.38,8.21,6.82
"AT3G16280",7.23,7.03,6.8,6.72,6.91,6.9,6.66,6.74,6.7,7.03,6.45,6.54,6.86,6.44
"AT3G17730",4.48,5.37,5.43,5.08,5.51,4.48,4.11,4.95,3.96,4.42,4.34,5.68,4.42,4.39
"AT3G18400",4.38,8.32,2.32,8.4,5.69,8.38,8.32,4.72,7.74,3.84,8.94,4.29,8.28,4.22
"AT3G18990",8.57,9.9,8.99,10,8.8,10,9.86,8.51,9.77,8.27,9.86,8.84,9.76,8.63
"AT3G20310",8.91,8.93,8.75,8.97,8.93,8.96,9.28,9.36,9.35,9.54,9.46,8.87,9.06,8.76
"AT3G20770",10.21,10.86,10.3,10.48,10.52,10.72,10.77,10.27,10.71,10.26,10.89,10.71,10.8,10.94
"AT3G21890",8.7,6.77,6.84,7.11,8.69,7.94,7.96,10.5,7.98,10.44,8.57,8.13,7.48,6.74
"AT3G22760",8.04,6.73,7.9,6.54,7.62,6.5,7.01,7.97,6.38,8,6.54,8.35,6.96,7.46
"AT3G22830",0.01,6.98,3.39,7.23,3.53,3.99,6.64,1.94,7.46,1.12,7.44,2.03,6.22,4.29
"AT3G23220",3.96,1.31,4.17,2.4,5.19,2.37,3.02,5.31,3.7,4.8,4.53,3.66,3.58,4.73
"AT3G24050",9.97,9.69,9.44,9.82,9.96,9.97,10.18,9.73,9.7,9.62,9.64,9.25,9.75,9.33
"AT3G24120",9.09,9.77,8.79,9.31,9.05,9.52,9.53,8.68,9.28,8.85,9.32,9.07,9.76,9.09
"AT3G24520",7.83,9.44,7.45,10.07,7.48,9.48,10.08,9.98,9.05,9.98,9.29,7.06,9.43,7.56
"AT3G25990",4.54,5.73,5.29,5.42,4.04,5.07,6.18,6.26,5.89,6.28,5.92,6.21,5.64,4.38
"NA.18",NA,NA,NA,NA,NA,NA,NA,NA,NA,NA,NA,NA,NA,NA
"AT3G26790",6.16,5.98,4.64,6.05,6.16,5.75,5.88,6.34,5.71,6.61,5.83,6.29,6.24,6.06
"AT3G27010",7.43,7.7,7.6,7.92,7.58,7.67,7.39,7.84,7.23,7.99,8.18,6.91,7.91,7.44
"AT3G27785",2.47,0.96,0.96,2.94,3.53,-0.03,0.65,3.89,3.36,2.84,1.59,3.74,3.16,0.91
"AT3G28920",8.56,6.58,8.93,6.61,8.94,6.68,6.76,8.32,6.53,8.07,6.69,8.45,6.39,8.63
"AT3G30210",4.24,4.64,4.28,5.25,4.49,5.55,5.35,3.57,5.08,3.71,5.55,4.03,5.06,3.81
"AT3G42860",2.94,6.95,5.54,6.74,2.18,6.23,6.5,1.17,6.01,3.89,6.16,3.28,6.61,2.9
"AT3G45610",2.35,3.18,2.27,3.61,2.1,4.54,2.77,2.75,3.94,2.08,3.47,2.42,4.96,2.1
"AT3G46590",9.95,8.89,9.98,8.74,10.39,8.89,8.93,9.32,8.53,9.39,8.57,9.91,8.73,10.01
"AT3G47500",11.64,8.81,7.91,7.32,11.87,10.64,10.32,11.76,9.02,11.82,10.27,11.32,9.77,10.46
"AT3G49530",8.58,9.54,7.91,9.24,7.77,9.21,10.81,9.73,10.8,9.68,10.08,7.69,9.52,7.88
"AT3G50060",10.5,7.27,7.78,7.89,8.55,7.84,10.29,10.5,10.1,10.38,8.83,8.06,8.07,8
"AT3G50260",5.89,9.88,6.22,9.54,6.01,9.54,9.82,7.6,10.78,7.34,10.22,5.37,9.87,6.39
"AT3G50410",7.57,7.97,7.04,7.38,7.44,7.66,7.48,8.14,7.37,8,7.82,7.72,7.82,7.31
"NA.19",NA,NA,NA,NA,NA,NA,NA,NA,NA,NA,NA,NA,NA,NA
"AT3G53200",1.46,5.6,1.65,4.33,3.7,4.42,4.56,1.36,4.83,1.38,4.07,3.43,5.08,3.37
"AT3G55370",5.66,7.46,6.08,7.45,5.96,7.08,7.37,5.61,7.39,6.19,7.48,6.31,7.1,6.12
"AT3G56400",10.91,9.98,10.46,8.22,9.54,9.84,11.1,10.6,10.8,10.8,10.45,9.66,10.33,10.66
"AT3G56850",8.69,8.87,8.36,8.86,8.73,8.89,9.12,8.7,8.91,9.18,8.96,8.63,9.09,8.69
"AT3G57920",4.56,5.61,6.21,6.08,6.13,6.33,6.46,5.89,6.59,5.92,6.31,5.59,6.45,5.5
"AT3G60490",6,8.93,6.25,8.28,6.14,8.55,8.21,6.89,8.98,6.72,8.15,6.56,9.13,6.46
"AT3G60530",7.75,8.14,7.4,8.03,7.19,8.95,8.77,7.46,8.65,6.63,8.49,8.48,9,8.77
"AT3G60580",5.9,4.96,5.73,5.56,3.58,5.34,4.68,4.02,4.24,4.78,5.1,5.21,4.78,5.27
"AT3G61150",8.41,6,8.85,6.16,7.99,6.18,6.13,7.75,5.93,8.1,6.36,7.84,6.33,8.49
"AT3G62420",10.49,11.66,10.23,11.61,9.97,11.37,11.6,10.52,11.95,10.5,11.86,10.19,11.65,10.6
"NA.20",NA,NA,NA,NA,NA,NA,NA,NA,NA,NA,NA,NA,NA,NA
"AT4G00730",9.59,8.56,9.87,8.53,9.57,8.34,8.73,9.51,8.73,9.03,8.51,9.38,8.52,9.6
"AT4G01250",8.27,6.89,6.23,6.99,6.59,7.08,8.09,7.89,8.31,7.76,8.91,6.61,8.06,6.49
"AT4G01280",8.39,8.12,8.05,8.11,8.77,8.14,8.1,8.92,8.12,8.68,8.17,8.29,8.32,8.04
"AT4G01500",6.45,5.23,5.75,4.61,6.82,3.69,4.54,6.5,5.13,6.63,5.17,6.24,5.25,6.19
"NA.21",NA,NA,NA,NA,NA,NA,NA,NA,NA,NA,NA,NA,NA,NA
"AT4G01550",6.7,8.12,7.58,7.44,6.94,7.86,8,7,7.29,7.2,7.73,7.21,7.92,7.66
"AT4G01680",7.47,7.14,6,7.45,6.9,7.15,7.64,7.04,6.99,7.05,6.93,7.11,7.2,6.48
"AT4G04890",10.09,7.16,10.04,7.8,10.09,8.2,7.88,10.23,8.39,10.26,8.12,9.91,8.16,10.05
"AT4G05100",5.25,6.57,5.32,6.72,6.19,6.59,6.6,7.45,6.62,7.43,6.7,5.61,6.42,5.55
"NA.22",NA,NA,NA,NA,NA,NA,NA,NA,NA,NA,NA,NA,NA,NA
"AT4G10350",4.44,6.6,4.49,7.29,5.14,7.29,7.63,5.85,7.49,4.88,7.07,5.34,7.12,5.11
"AT4G11660",6.72,7.35,7.12,6.88,7.15,7.21,7.46,6.97,7.54,7.24,7.57,6.12,7.72,6.33
"AT4G14770",8.91,8.38,8.86,8.57,8.15,8.4,8.78,8.66,8.21,8.75,8.52,8.56,8.8,8.41
"AT4G15090",7.71,7.94,7.8,7.97,7.72,7.89,7.89,7.38,7.84,7.38,7.63,7.54,7.62,7.62
"AT4G16150",7.59,7.92,7.73,7.62,7.84,8.05,8.03,7.62,7.75,7.54,7.88,7.61,8.16,7.45
"AT4G16750",6.11,7.37,7.2,6.72,7.04,7.02,7.12,6.73,6.93,7.17,7.22,7.49,7.35,7.09
"AT4G17980",6.69,6.53,5.75,5.53,6.38,5.85,5.99,6.07,5.38,5.05,6.78,5.73,6.29,5.96
"AT4G18170",4.66,8.2,4.7,6.99,5.66,6.93,6.75,5.94,6.68,6.37,7.62,5.07,7.15,4.71
"AT4G18450",4.83,5.01,3.63,4.86,4.2,4.93,5.4,4.09,4.69,3.54,5.86,4.74,5,5.13
"AT4G18770",5.45,6.5,5.88,5.93,6.08,5.94,6.03,6.35,5.68,6.49,5.49,6.1,6.47,6.58
"AT4G18880",8.1,9.11,8.21,8.7,7.82,8.7,9.89,8.81,10.04,8.6,9.52,7.81,9.18,8.25
"AT4G18890",7.79,8.16,7.85,8.23,7.78,8.02,8.16,8.2,8.52,8.02,8.86,7.47,8.29,7.27
"NA.23",NA,NA,NA,NA,NA,NA,NA,NA,NA,NA,NA,NA,NA,NA
"NA.24",NA,NA,NA,NA,NA,NA,NA,NA,NA,NA,NA,NA,NA,NA
"AT4G21080",4.9,5.03,4.22,5.3,5.56,5.19,4.98,4.56,4.66,4.78,5.36,4.89,4.96,3.95
"AT4G22070",5.59,8.21,4.79,8.05,5.13,7.76,7.34,4.98,7.95,5.88,7.36,5.09,8.02,5.28
"NA.25",NA,NA,NA,NA,NA,NA,NA,NA,NA,NA,NA,NA,NA,NA
"AT4G24020",9.09,9.05,8.8,8.57,9.09,8.7,9.1,8.82,8.47,8.73,9.02,9.2,9.1,9.16
"AT4G24240",8.24,8.88,8.01,8.97,7.13,8.77,9.04,8.05,8.04,8.21,8.85,6.62,8.96,7.45
"AT4G25470",8.07,5.3,1.65,5.11,4.53,5.16,10.98,9.25,8.52,9.04,7.3,5.62,5.94,5.62
"AT4G25480",5.84,5.76,4.91,5.56,6.03,6.12,9.07,7.58,7.39,7.63,7.44,6.75,6.32,8.11
"AT4G25490",6.7,3.1,3.97,2.68,5.67,3.06,9.54,8,7.39,7.78,5.92,3.81,3.27,4.72
"NA.26",NA,NA,NA,NA,NA,NA,NA,NA,NA,NA,NA,NA,NA,NA
"AT4G26640",9.13,9.18,8.86,8.8,9.29,8.78,8.66,9.16,8.61,9.12,9.16,9.01,8.98,8.83
"NA.27",NA,NA,NA,NA,NA,NA,NA,NA,NA,NA,NA,NA,NA,NA
"AT4G28500",4.84,5.76,3.9,5.34,5.5,5.35,4.65,4.79,4.78,5.35,5.87,5.74,5.76,5.41
"AT4G29230",3.62,7.28,4.69,7.1,4.56,7,7.23,3.44,7.07,2.92,6.96,4.51,7.21,3.62
"AT4G31060",6.8,6.54,7.11,6.31,7,5.74,5.9,6.19,5.95,6.12,6.02,7.2,6.21,7.22
"AT4G31800",7.46,8.38,7.71,7.61,6.44,7.83,9.3,10.2,11.7,10.13,10.79,6.9,8.3,7.11
"AT4G32730",8.18,8.75,8.41,8.85,8.18,8.45,8.52,8.44,8.55,8.51,8.35,8.19,8.67,8.2
"AT4G32800",7.54,6.45,7.37,6.3,6.73,5.97,6.66,7.73,7.69,8.13,7.5,7.9,6.62,7.12
"AT4G34410",4.45,6.19,4.58,5.13,4.47,4.84,10.1,8.52,12.3,8.87,9.93,4.8,7.12,3.8
"AT4G34590",8.84,10.61,10.28,10.79,8.06,10.59,10.03,8.77,9.98,8.66,10.7,8.48,10.08,8.29
"AT4G36160",5.85,6.12,5.97,5.86,6.18,5.73,6.12,6.44,5.52,6.53,5.8,6.45,5.79,5.95
"AT4G36620",6.71,6.67,6.39,6.59,6.56,6.9,6.9,6.04,6.55,5.96,6.62,6.09,6.55,5.48
"AT4G36740",1.27,7.17,0.62,6.7,1.66,7.34,6.93,2.27,6.81,1.92,7.28,2.54,7.22,1.79
"AT4G36780",8,8.89,8.64,8.46,7.86,8.53,8.84,8.43,8.95,8.49,9.01,8.23,9.05,8.3
"AT4G37180",7.78,8.47,7.46,7.93,8.14,8.74,9,9.2,8.42,9.16,8.24,9.06,8.94,8.49
"AT4G37260",9.61,10.12,8.97,9.53,8.55,10,11.15,10.11,11.32,9.93,10.4,9.16,10.12,10.36
"AT4G38000",6.71,5.99,5.9,6.03,5.97,6.03,6.12,6.81,5.89,5.62,5.34,5.45,5.87,6.74
"AT4G38170",7.6,8.12,7.06,7.94,7.8,8.04,7.98,7.31,7.78,7.67,7.91,7.27,7.94,7.44
"AT5G01380",4.64,6.88,3,5.72,3.87,5.05,5.72,5.3,6.74,3.96,8.61,4.3,6.77,4.26
"NA.28",NA,NA,NA,NA,NA,NA,NA,NA,NA,NA,NA,NA,NA,NA
"AT5G02460",6.91,6.39,6.64,6.39,6.94,6.11,5.97,7.05,6.03,6.77,5.73,6.67,6.06,6.45
"AT5G02840",11.34,9.09,10.55,8.74,11.64,9.84,10.41,11.12,9.61,11.13,9.46,11.01,9.43,10.89
"AT5G03150",6.12,7.56,5.35,7.52,5.34,7.57,7.65,4.88,7.11,6.23,7.45,4.7,7.34,5
"AT5G03790",4.22,3.75,4.92,4.25,4.44,4.48,3.16,4.82,3.89,3.56,3.36,5,4.96,4.33
"AT5G04390",6.12,5.16,5.36,4.98,5.81,4.63,4.7,5.35,4.68,5.38,5.01,4.97,4.79,5.31
"AT5G04410",10.16,10.68,10.26,10.41,10.05,10.48,10.41,10.27,10.4,10.31,10.58,9.99,10.52,10.09
"AT5G05550",6.37,6.03,6.56,2.45,6.7,5.5,4.42,5.78,3.84,5.5,4.56,7.15,6.08,7.12
"AT5G05790",7.49,9.71,7.3,9.89,6.87,10,10.46,7.43,9.84,7.3,10.52,6.78,9.96,6.54
"AT5G06100",7.44,7.38,7.57,7.12,7.21,7.08,7.38,6.94,6.98,7.17,7.4,7.28,7.55,7.53
"NA.29",NA,NA,NA,NA,NA,NA,NA,NA,NA,NA,NA,NA,NA,NA
"AT5G06950",8.48,8.79,8.05,8.71,8.47,8.83,8.83,8.43,8.66,8.33,8.7,8.4,8.86,8.38
"AT5G06960",8.27,9.02,8.06,8.86,8.01,9.18,9.38,8.19,8.94,8.3,8.68,7.95,9.05,7.94
"AT5G07310",4.99,4.8,4.09,4.76,5.11,3,4.19,3.21,3.44,2.54,3.88,4.81,4.63,3.05
"AT5G07680",3.96,7.56,4.49,7.97,5.29,7.77,7.66,5.28,7.04,4.42,7.71,3.35,7.64,4.84
"AT5G08130",9.03,9.75,9.38,9.49,9.55,9.43,9.44,10.46,9.19,10.46,9.57,9.63,9.57,9.74
"AT5G08330",10.28,7.13,9.25,7.69,10.38,8.02,8.63,9.9,8.71,9.89,7.84,10.31,7.64,10.77
"AT5G08520",8.59,8.57,9.25,7.98,8.68,8.43,8.11,8.34,7.92,8.36,7.79,9.7,8.35,10.06
"AT5G08750",8.75,9.07,8.96,8.92,9.09,8.84,8.58,8.75,8.38,8.62,8.3,9.03,8.48,8.79
"AT5G09410",10,10.01,9.59,9.84,10.09,9.88,9.68,9.95,9.7,9.96,9.8,9.88,9.8,9.93
"AT5G10030",8.7,9.21,8.48,9.13,8.31,9.15,8.85,7.79,8.29,7.72,8.44,7.75,8.6,8.34
"AT5G10510",6.62,9.77,6.46,9.35,6.31,9.25,9.46,6.11,9.46,6.31,9.73,6.62,9.55,6.11
"AT5G11260",7.53,9.39,7.7,9.42,7.37,8.95,9.33,7.36,8.49,7.22,8.61,6.92,9.38,6.92
"AT5G11510",6.61,6.96,7,7.73,6.61,7.72,7.28,7.14,7.64,7.23,7.72,7.34,7.21,6.86
"AT5G13080",1.19,10.37,4.2,8.8,3.5,9,9,3.11,9.64,1.14,9.74,2.02,9.93,2.67
"AT5G13180",10.62,11.18,9.84,10.8,11.12,10.79,10.27,10.29,9.87,10.21,10.84,10.47,10.78,9.92
"AT5G13790",2.72,5.84,2.91,4.96,2.89,4.29,4.23,2.12,4.21,2.54,4.89,1.48,3.92,2.23
"AT5G13910",7.75,9.45,7.39,9.05,8.1,9.31,8.96,7.85,8.88,7.55,9.04,7.69,9.21,7.62
"AT5G14960",6.06,6.68,6.67,6.57,6.78,6.49,6.55,6.72,6.88,7.03,6.77,7.22,6.85,7.6
"AT5G15830",7.54,8.05,4.25,7.1,7.7,8.48,8.3,6.39,6.46,6.12,7.82,6.39,8.34,4.7
"AT5G16820",6.64,8.18,7.79,7.38,7.07,7.79,7.84,7.12,7.63,7.34,7.36,8.13,8.16,8.59
"AT5G17300",9.62,6.69,6.97,6.6,9.57,6.71,7.11,8.72,6.27,9,6.89,8.3,6.79,6.33
"AT5G17800",5.64,9.22,6.08,8.9,6.78,8.9,8.36,6.34,7.27,6.62,7.93,6.69,8.52,6.36
"AT5G18270",5.91,8.36,5.57,7.84,6.63,8.38,9.11,6.01,9.28,6.03,9.04,5.77,8.46,5.66
"AT5G18450",6.84,6.8,6.87,6.96,6.95,7.02,6.54,6.56,6.95,6.57,7.13,6.54,7.04,6.6
"AT5G18560",6.34,8.02,5.7,7.33,6.73,7.21,7.07,6.09,6.86,6.35,7.04,5.96,7.21,5.68
"AT5G19790",3.04,5.89,2.46,7.41,3.37,7.34,6.21,4.62,6.97,3.54,6.11,2.46,7.12,2.99
"AT5G22990",2.39,3.73,1.08,1.68,4.08,4,1.35,1.5,2.07,3.1,2.9,-0.33,1.98,1.21
"NA.30",NA,NA,NA,NA,NA,NA,NA,NA,NA,NA,NA,NA,NA,NA
"NA.31",NA,NA,NA,NA,NA,NA,NA,NA,NA,NA,NA,NA,NA,NA
"AT5G24110",3.17,5.45,4.47,3.25,3.78,3.54,6.4,6.95,6.66,5.47,5.65,2.21,4.79,2.38
"AT5G25190",9.48,6.53,6.29,6.31,8.7,6.13,6.6,8.66,5.64,8.76,5.7,7.92,6.07,6.7
"AT5G25810",6.28,8.1,6.17,9.02,6.52,8.84,9.03,6.49,7.65,6.46,8.52,5.95,8.67,6.56
"NA.32",NA,NA,NA,NA,NA,NA,NA,NA,NA,NA,NA,NA,NA,NA
"AT5G29000",6,8.01,7.48,7.89,6.14,7.67,7.8,7.05,7.49,6.86,7.66,7.3,7.92,7.4
"AT5G39610",5.96,10.21,5.64,8.57,5.88,8.58,7.75,6.63,7.7,6.83,8.94,7.11,9.04,6.97
"AT5G39760",7.21,6.81,7.53,7.06,7.46,6.45,6.83,7.31,6.5,7.27,6.96,7.68,6.93,7.65
"AT5G39820",2.6,3.46,2.46,5.1,2.43,5.7,5.83,1.62,5.49,3.1,5.5,1.25,4.09,1.91
"NA.33",NA,NA,NA,NA,NA,NA,NA,NA,NA,NA,NA,NA,NA,NA
"AT5G45300",8.28,7.8,7.81,7.7,8.12,7.92,7.89,7.88,7.65,8.11,7.75,7.74,7.75,7.96
"NA.34",NA,NA,NA,NA,NA,NA,NA,NA,NA,NA,NA,NA,NA,NA
"AT5G46350",6.44,6.82,6.62,6.02,7,5.8,5.84,5.88,6.02,6.27,6.2,6.38,6.62,6.46
"AT5G46590",4.65,9.3,3.18,8.05,4.39,8.44,8.12,5.08,7.44,6.32,9.55,4.23,8.07,4.79
"AT5G46830",4.79,1.2,5.76,2.58,7.07,1.97,2.01,6.38,0.9,6.24,2.44,6.92,2.42,5.45
"AT5G47220",8.37,8.25,8.08,7.3,6.72,7.67,9.44,9.84,9.91,9.8,8.95,7.25,8.53,8.1
"AT5G47230",8.3,8.41,5.4,8.32,5.76,8.12,10.18,8.27,8.65,8.17,8.79,5.08,8.27,5.55
"AT5G47370",10.21,9.58,7.99,9.16,9.5,9.53,10.16,9.57,9.07,9.46,9.55,9.5,9.59,8.73
"AT5G47390",10.12,9.12,9.46,8.47,10.22,9.39,9.32,9.87,9.32,9.89,9.11,10.18,8.87,10
"NA.35",NA,NA,NA,NA,NA,NA,NA,NA,NA,NA,NA,NA,NA,NA
"NA.36",NA,NA,NA,NA,NA,NA,NA,NA,NA,NA,NA,NA,NA,NA
"AT5G51190",9.53,7.62,5.79,6.83,5.94,6.98,11.46,8.56,9.39,8.79,8.51,5.29,7.99,5.21
"AT5G51990",5.19,2.58,5.21,5.1,5.14,4.29,4.92,5.98,5.14,5.82,4.77,4.18,4.95,4.81
"AT5G52020",5.04,6.57,4.79,6.88,4.75,6.54,8.02,5.08,9.47,3.66,7.55,3.03,6.97,3.42
"AT5G52660",8.36,8.39,8.22,7.89,8.7,7.86,8.21,8.96,8.31,9.1,8.66,8.57,8.41,8.48
"AT5G52830",6.16,8.36,5.91,8.5,5.2,8.16,8.22,5.8,7.69,6.04,8.18,5.37,8.71,5.36
"AT5G53950",6.28,5.53,5.8,5.71,6.64,5.62,5.44,6.2,5.63,6.41,5.68,6.25,5.9,5.91
"AT5G54230",3.75,7.67,3.29,7.64,3.54,8.08,8.09,2.94,7.33,4.47,8.38,1.62,7.77,3.41
"AT5G56110",5.31,5.34,5.77,5.83,5.69,5.19,5.39,5.12,5.49,5.04,5.96,5.53,5.65,5.79
"NA.37",NA,NA,NA,NA,NA,NA,NA,NA,NA,NA,NA,NA,NA,NA
"AT5G58850",1.89,1.68,1.5,1.58,2.42,1.73,1.62,2.66,1.83,2.42,1.5,1.94,1.5,1.85
"AT5G58900",7.88,8.21,8.78,8.66,7.63,8.37,8.27,8.04,8.16,7.96,8.01,8.2,7.77,8.59
"AT5G59430",8.46,7.96,8.06,7.67,8.95,7.88,7.76,8.03,7.71,8.12,7.82,9.08,7.78,7.74
"AT5G60130",5.19,2.04,3.73,3.69,5.8,2.66,4.34,4.57,3.87,5.05,5.21,5.31,5.5,5.42
"AT5G60850",9.75,8.75,8.86,8.6,10.34,9.5,9.68,10.56,8.9,10.6,8.59,10.4,9.09,9.96
"AT5G61620",5.15,5.21,4.02,5.52,5.34,5.19,4.89,4.98,4.03,5.3,5.01,3.69,5.64,4.99
"AT5G62000",10.52,10,10.55,9.62,10.98,9.69,10.11,10.93,10.11,10.86,10.19,10.81,10.39,10.84
"AT5G62020",9.24,8.77,7.86,8.84,8.75,8.61,9.22,9.49,9.24,9.6,9.34,8.33,9.18,7.9
"AT5G62320",2.21,4.43,3.4,4.68,2.16,2.76,4.55,2.73,4.3,2.49,4.75,3.17,4.74,1.87
"AT5G62380",5.17,4.72,5.73,5.88,4.87,5.42,5.05,5.9,4.96,6.08,5.35,5.84,4.9,6.07
"AT5G62470",7.84,6.64,6.98,6.03,7.76,6.55,6.96,9.28,6.89,9.46,6.57,7.08,6.72,7.6
"AT5G62940",7.55,7.14,7.88,6.93,7.79,7.17,6.9,7.52,6.69,7.66,7.19,7.88,7.11,7.65
"NA.38",NA,NA,NA,NA,NA,NA,NA,NA,NA,NA,NA,NA,NA,NA
"AT5G63260",7.9,9.04,8.33,8.89,7.95,8.96,8.89,8.18,9,8.22,9.06,8.27,9.17,8.14
"AT5G64060",4.91,5.46,5.64,5.88,5.29,6.11,6.12,3.83,6.56,5.41,6.21,3.7,6.12,4.88
"NA.39",NA,NA,NA,NA,NA,NA,NA,NA,NA,NA,NA,NA,NA,NA
"AT5G65130",3.29,2.71,2.64,3.02,4.01,3.57,2.6,4.34,4.25,5.43,5.9,3.11,4.21,5.05
"AT5G65210",7.79,11.6,8.25,11.51,8.36,11.84,11.77,7.39,10.91,7.44,11.32,7.85,11.68,8.27
"AT5G65310",8.15,10.45,9.82,10.47,8.41,9.98,10.07,9.25,9.36,9.02,9.81,9.93,10.39,9.84
"AT5G65410",9.27,2.15,8.84,2.52,8.76,2.04,3.12,9.34,2.7,9.16,1.42,8.65,2.22,8.07
"AT5G65510",1.16,3.23,1.64,3.09,1.92,4.07,3.31,1.04,2.22,1.2,3.63,2.38,2.87,1.36
"AT5G66300",5.67,5.87,4.99,5.73,5.65,5.74,5.83,5.41,5.28,6.21,5.7,5.8,5.62,5.89
"AT5G66700",5.72,10.57,5.46,9.09,5.94,9.63,9.69,5.55,8.9,6.17,10.09,5.29,10.32,6.01
"AT5G66730",9.25,9.55,8.62,9.1,9.19,9.18,9.49,9.18,8.98,9.09,9.48,8.83,9.49,8.57
"AT5G66940",7.21,6.11,7.14,6.43,7.29,6.37,6.13,7.13,6.59,6.74,5.89,6.88,5.93,6.72
"AT5G67190",7.78,6.57,5.87,5.08,7.28,6.3,6.09,7.29,7.23,7.22,7.2,6.47,6.38,6.17
"AT5G67300",9.75,10.73,9.63,10.56,9.43,10.11,11.13,11.96,12.11,11.81,11.41,10.91,10.8,9.87
"AT5G67580",8.06,8.5,8.8,8,8.32,8.32,8.05,8.34,7.93,8.29,8.13,8.59,8.5,8.73
